,Reddit Activity, Patch Releases
2014-01-01,0,
2014-01-08,0,1
2014-01-15,9,
2014-01-22,4,
2014-01-29,2,
2014-02-05,0,
2014-02-12,3,1
2014-02-19,4,
2014-02-26,0,
2014-03-05,3,1
2014-03-12,3,
2014-03-19,8,
2014-03-26,0,1
2014-04-02,0,
2014-04-09,0,
2014-04-16,2,1
2014-04-23,7,
2014-04-30,12,1
2014-05-07,3,
2014-05-14,4,
2014-05-21,0,1
2014-05-28,0,
2014-06-04,1,1
2014-06-11,0,
2014-06-18,2,1
2014-06-25,4,
2014-07-02,2,1
2014-07-09,0,
2014-07-16,0,1
2014-07-23,3,
2014-07-30,8,1
2014-08-06,4,
2014-08-13,8,1
2014-08-20,10,
2014-08-27,4,1
2014-09-03,9,
2014-09-10,10,1
2014-09-17,2,
2014-09-24,17,1
2014-10-01,0,
2014-10-08,19,1
2014-10-15,23,
2014-10-22,5,1
2014-10-29,4,
2014-11-05,1,1
2014-11-12,19,
2014-11-19,5,
2014-11-26,2,
2014-12-03,4,1
2014-12-10,2,
2014-12-17,14,1
2014-12-24,2,
